{"projects":[
    {"name":"bouncing-box","title":"Bouncing Box","description":"A project that gives you a taste of game development on the web ","date":"Saturday, July 7, 2018"},
    {"name":"platformer","title":"Platformer","description":"A cannon - dodging, collectible - grabbing adventure game for Halleb0t","date":"Tuesday, July 10, 2018"},
    {"name":"circularity","title":"Circularity","description":"A motion poem using random number generation and velocity applied to circle shapes...","date":"Wednesday, July 11, 2018"},
    {"name":"runtime","title":"Runtime","description":"A side-scroller game featuring our own HalleBot!","date":"Wednesday, July 11, 2018"},
    {"name":"billypedia","title":"Billypedia","description":"Gettin' jiggy with jQuery and Billy Higgins","date":"Tuesday, November 13, 2018"},
    {"name":"matchy","title":"Matchy","description":"A social network for Animals","date":"Wednesday, November 14, 2018"},
    {"name":"function-master","title":"Function Master","description":"Learn to Master the art of the Function","date":"Thursday, November 20, 2018"},
    {"name":"scratch-pad","title":"Scratch Pad","description":"Practice the basics of JavaScript by passing unit tests","date":"Thursday, November 20, 2018"},
    {"name":"underpants","title":"Underpants","description":"Functional Functions for Fun","date":"Thursday, November 20, 2018"},
    {"name":"lodown","title":"Lodown","description":"An npm functional programming library project","date":"Thursday, November 20, 2018"},
    {"name":"lets-get-functional","title":"Let's Get Functional","description":"An exercise in problem solving in the functional idiom","date":"Thursday, November 20, 2018"},
    {"name":"eloquent-javascript","title":"Eloquent Javascript","description":"Mandatory Review of Bootcamp","date":"Wednesday, February 13, 2019"},
    {"name":"studies","title":"Studies","description":"An addition to your website project to record your programming studies","date":"Wednesday, February 13, 2019"},
    {"name":"let-s-get-functional","title":"Let S Get Functional","description":"An exercise in problem solving in the functional idiom","date":"Wednesday, February 13, 2019"},
    {"name":"recursion-practice","title":"Recursion Practice","description":"Mandatory prompts: 1-2, 4-10, 12,15-20, 25 - 27, 30 - 31, 33 - 35.","date":"Wednesday, February 13, 2019"},
    {"name":"function-guru","title":"Function Guru","description":"Function Master fitted for the Advanced High School Class!","date":"Thursday, February 21, 2019"},
    {"name":"scratch-pad-strings","title":"Scratch Pad Strings","description":"Practicing using strings and string methods","date":"Thursday, February 21, 2019"},
    {"name":"scratch-pad-conditionals","title":"Scratch Pad Conditionals","description":"Practicing conditionals while learning about Type Checking","date":"Thursday, February 21, 2019"},
    {"name":"scratch-pad-loops","title":"Scratch Pad Loops","description":"Reviewing and practicing using loops to iterate over Arrays and Objects","date":"Thursday, February 21, 2019"},
    {"name":"let-s-get-functional","title":"Let S Get Functional","description":"An exercise in problem solving in the functional idiom","date":"Friday, March 22, 2019"}]
}
    