[
    {
        "id": 1,
        "nameFirst": "Max",
        "nameLast": "Gaudin"
    },
    {
        "id": 2,
        "nameFirst": "John",
        "nameLast": "Fraboni"
    },
    {
        "id": 3,
        "nameFirst": "Alon",
        "nameLast": "Robinson"
    },
    {
        "id": 4,
        "nameFirst": "Mykia",
        "nameLast": "Smith"
    },
    {
        "id": 5,
        "nameFirst": "Steve",
        "nameLast": "Price"
    },
    {
        "id": 6,
        "nameFirst": "George",
        "nameLast": "Mauer"
    },
    {
        "id": 7,
        "nameFirst": "Ben",
        "nameLast": "Schenker"
    },
    {
        "id": 8,
        "nameFirst": "Jaelle",
        "nameLast": "Schuerman"
    },
    {
        "id": 9,
        "nameFirst": "Erika",
        "nameLast": "Fraboni"
    },
    {
        "id": 10,
        "nameFirst": "Alice",
        "nameLast": "Green"
    }
]